{"A549_promoters_256": {"loss": [0.7223024368286133, 0.7310926914215088, 0.6884365677833557], "recall": [1.0, 1.0, 0.0], "precision": [0.14785902202129364, 0.14785902202129364, 0.0], "AUROC": [0.5, 0.5, 0.5], "AUPRC": [0.14785902202129364, 0.14785902202129364, 0.14785902202129364], "f1_score": [0.2576257586479187, 0.2576257586479187, 0.0], "balanced_accuracy": [0.5, 0.5, 0.5], "specificity": [0.0, 0.0, 1.0], "miss_rate": [0.0, 0.0, 1.0], "fall_out": [1.0, 1.0, 0.0], "mcc": [0.0, 0.0, 0.0], "true_positives_over_total": [0.14785902202129364, 0.14785902202129364, 0.0], "false_positives_over_total": [0.8521409630775452, 0.8521409630775452, 0.0], "true_negatives_over_total": [0.0, 0.0, 0.8521409630775452], "false_negatives_over_total": [0.0, 0.0, 0.14785902202129364], "negative_predictive_value": [0.0, 0.0, 0.8521409630775452], "false_discovery_rate": [0.8521409630775452, 0.8521409630775452, 0.0], "false_omission_rate": [0.0, 0.0, 0.14785902202129364], "prevalence_threshold": [0.0, 0.0, 0.0], "threat_score": [0.14785902202129364, 0.14785902202129364, 0.0], "fowlkes_mallows_index": [0.5, 0.5, 0.5], "informedness": [0.384524405002594, 0.384524405002594, 0.0], "markedness": [-0.8521409630775452, -0.8521409630775452, -0.14785903692245483], "positive_likelyhood_ratio": [0.9999998807907104, 0.9999998807907104, 0.0], "negative_likelyhood_ratio": [0.0, 0.0, 0.9999998807907104], "DOR": [0.9999998807907104, 0.9999998807907104, 0.9999998807907104], "accuracy": [0.14785902202129364, 0.14785902202129364, 0.8521409630775452]}, "A549_enhancers_256": {"loss": [0.6941288709640503, 0.6863066554069519, 0.6229562759399414], "recall": [1.0, 0.0, 0.0], "precision": [0.09090355038642883, 0.0, 0.0], "AUROC": [0.5, 0.5, 0.5], "AUPRC": [0.09090355038642883, 0.09090355038642883, 0.09090355038642883], "f1_score": [0.16665735840797424, 0.0, 0.0], "balanced_accuracy": [0.5, 0.5, 0.5], "specificity": [0.0, 1.0, 1.0], "miss_rate": [0.0, 1.0, 1.0], "fall_out": [1.0, 0.0, 0.0], "mcc": [0.0, 0.0, 0.0], "true_positives_over_total": [0.09090355038642883, 0.0, 0.0], "false_positives_over_total": [0.9090964198112488, 0.0, 0.0], "true_negatives_over_total": [0.0, 0.9090964198112488, 0.9090964198112488], "false_negatives_over_total": [0.0, 0.09090355038642883, 0.09090355038642883], "negative_predictive_value": [0.0, 0.9090964198112488, 0.9090964198112488], "false_discovery_rate": [0.9090964198112488, 0.0, 0.0], "false_omission_rate": [0.0, 0.09090355038642883, 0.09090355038642883], "prevalence_threshold": [0.0, 0.0, 0.0], "threat_score": [0.09090355038642883, 0.0, 0.0], "fowlkes_mallows_index": [0.5, 0.5, 0.5], "informedness": [0.30150213837623596, 0.0, 0.0], "markedness": [-0.9090964794158936, -0.09090358018875122, -0.09090358018875122], "positive_likelyhood_ratio": [0.9999998807907104, 0.0, 0.0], "negative_likelyhood_ratio": [0.0, 0.9999998807907104, 0.9999998807907104], "DOR": [0.9999998807907104, 0.9999998807907104, 0.9999998807907104], "accuracy": [0.09090355038642883, 0.9090964198112488, 0.9090964198112488]}, "GM12878_promoters_256": {"loss": [0.6934838891029358, 0.639853298664093, 0.6752841472625732], "recall": [1.0, 0.0, 0.0], "precision": [0.20383386313915253, 0.0, 0.0], "AUROC": [0.5, 0.5, 0.5], "AUPRC": [0.20383386313915253, 0.20383386313915253, 0.20383386313915253], "f1_score": [0.3386411964893341, 0.0, 0.0], "balanced_accuracy": [0.5, 0.5, 0.5], "specificity": [0.0, 1.0, 1.0], "miss_rate": [0.0, 1.0, 1.0], "fall_out": [1.0, 0.0, 0.0], "mcc": [0.0, 0.0, 0.0], "true_positives_over_total": [0.20383386313915253, 0.0, 0.0], "false_positives_over_total": [0.7961661219596863, 0.0, 0.0], "true_negatives_over_total": [0.0, 0.7961661219596863, 0.7961661219596863], "false_negatives_over_total": [0.0, 0.20383386313915253, 0.20383386313915253], "negative_predictive_value": [0.0, 0.7961661219596863, 0.7961661219596863], "false_discovery_rate": [0.7961661219596863, 0.0, 0.0], "false_omission_rate": [0.0, 0.20383386313915253, 0.20383386313915253], "prevalence_threshold": [0.0, 0.0, 0.0], "threat_score": [0.20383386313915253, 0.0, 0.0], "fowlkes_mallows_index": [0.5, 0.5, 0.5], "informedness": [0.45147964358329773, 0.0, 0.0], "markedness": [-0.7961661219596863, -0.20383387804031372, -0.20383387804031372], "positive_likelyhood_ratio": [0.9999998807907104, 0.0, 0.0], "negative_likelyhood_ratio": [0.0, 0.9999998807907104, 0.9999998807907104], "DOR": [0.9999998807907104, 0.9999998807907104, 0.9999998807907104], "accuracy": [0.20383386313915253, 0.7961661219596863, 0.7961661219596863]}, "GM12878_enhancers_256": {"loss": [0.7127407193183899, 0.7751944661140442, 0.6462341547012329], "recall": [1.0, 1.0, 0.0], "precision": [0.09087711572647095, 0.09087711572647095, 0.0], "AUROC": [0.5, 0.5, 0.5], "AUPRC": [0.09087711572647095, 0.09087711572647095, 0.09087711572647095], "f1_score": [0.16661293804645538, 0.16661293804645538, 0.0], "balanced_accuracy": [0.5, 0.5, 0.5], "specificity": [0.0, 0.0, 1.0], "miss_rate": [0.0, 0.0, 1.0], "fall_out": [1.0, 1.0, 0.0], "mcc": [0.0, 0.0, 0.0], "true_positives_over_total": [0.09087711572647095, 0.09087711572647095, 0.0], "false_positives_over_total": [0.909122884273529, 0.909122884273529, 0.0], "true_negatives_over_total": [0.0, 0.0, 0.909122884273529], "false_negatives_over_total": [0.0, 0.0, 0.09087711572647095], "negative_predictive_value": [0.0, 0.0, 0.909122884273529], "false_discovery_rate": [0.909122884273529, 0.909122884273529, 0.0], "false_omission_rate": [0.0, 0.0, 0.09087711572647095], "prevalence_threshold": [0.0, 0.0, 0.0], "threat_score": [0.09087711572647095, 0.09087711572647095, 0.0], "fowlkes_mallows_index": [0.5, 0.5, 0.5], "informedness": [0.30145829916000366, 0.30145829916000366, 0.0], "markedness": [-0.909122884273529, -0.909122884273529, -0.09087711572647095], "positive_likelyhood_ratio": [0.9999998807907104, 0.9999998807907104, 0.0], "negative_likelyhood_ratio": [0.0, 0.0, 0.9999998807907104], "DOR": [0.9999998807907104, 0.9999998807907104, 0.9999998807907104], "accuracy": [0.09087711572647095, 0.09087711572647095, 0.909122884273529]}}