{"A549_promoters_64": {"loss": [0.20938996970653534, 0.21246051788330078, 0.2061552107334137], "true_positives": [1671.0, 1655.0, 1706.0], "true_negatives": [14230.0, 14236.0, 14221.0], "false_positives": [616.0, 610.0, 625.0], "false_negatives": [905.0, 921.0, 870.0], "binary_accuracy": [0.9126965999603271, 0.9121226072311401, 0.9141889810562134]}, "A549_enhancers_64": {"loss": [0.25569188594818115, 0.24961645901203156, 0.2506890892982483], "true_positives": [2542.0, 2578.0, 2406.0], "true_negatives": [14341.0, 14356.0, 14470.0], "false_positives": [580.0, 565.0, 451.0], "false_negatives": [1188.0, 1152.0, 1324.0], "binary_accuracy": [0.9052061438560486, 0.9079405665397644, 0.904830813407898]}, "A549_promoters_128": {"loss": [0.21298439800739288, 0.20314833521842957, 0.21932627260684967], "true_positives": [1433.0, 1761.0, 1654.0], "true_negatives": [14347.0, 14234.0, 14159.0], "false_positives": [499.0, 612.0, 687.0], "false_negatives": [1143.0, 815.0, 922.0], "binary_accuracy": [0.9057513475418091, 0.9180920720100403, 0.9076455235481262]}, "A549_enhancers_128": {"loss": [0.24774602055549622, 0.24518196284770966, 0.26350122690200806], "true_positives": [2461.0, 2641.0, 2260.0], "true_negatives": [14440.0, 14325.0, 14522.0], "false_positives": [481.0, 596.0, 399.0], "false_negatives": [1269.0, 1089.0, 1470.0], "binary_accuracy": [0.9061712622642517, 0.9096563458442688, 0.89979088306427]}, "A549_promoters_256": {"loss": [0.21743091940879822, 0.22131477296352386, 0.22356417775154114], "true_positives": [1524.0, 1609.0, 1651.0], "true_negatives": [14218.0, 14129.0, 14079.0], "false_positives": [628.0, 717.0, 767.0], "false_negatives": [1052.0, 967.0, 925.0], "binary_accuracy": [0.9035701751708984, 0.9033405780792236, 0.9028814435005188]}, "A549_enhancers_256": {"loss": [0.2506946325302124, 0.2571331858634949, 0.2439446896314621], "true_positives": [2670.0, 2608.0, 2568.0], "true_negatives": [14287.0, 14344.0, 14359.0], "false_positives": [634.0, 577.0, 562.0], "false_negatives": [1060.0, 1122.0, 1162.0], "binary_accuracy": [0.9091737866401672, 0.9089056849479675, 0.9075652956962585]}, "A549_promoters_512": {"loss": [0.24121879041194916, 0.25231748819351196, 0.24315834045410156], "true_positives": [1325.0, 1426.0, 1272.0], "true_negatives": [14063.0, 13953.0, 14109.0], "false_positives": [783.0, 893.0, 737.0], "false_negatives": [1251.0, 1150.0, 1304.0], "binary_accuracy": [0.8832510709762573, 0.882734477519989, 0.8828492760658264]}, "A549_enhancers_512": {"loss": [0.23857943713665009, 0.2331209033727646, 0.235746830701828], "true_positives": [2694.0, 2700.0, 2518.0], "true_negatives": [14396.0, 14441.0, 14507.0], "false_positives": [525.0, 480.0, 414.0], "false_negatives": [1036.0, 1030.0, 1212.0], "binary_accuracy": [0.9163047671318054, 0.9190391898155212, 0.9128196835517883]}, "A549_promoters_1024": {"loss": [0.2779545783996582, 0.2814747989177704, 0.28201937675476074], "true_positives": [960.0, 948.0, 739.0], "true_negatives": [14149.0, 14119.0, 14354.0], "false_positives": [697.0, 727.0, 492.0], "false_negatives": [1616.0, 1628.0, 1837.0], "binary_accuracy": [0.867236852645874, 0.8648260831832886, 0.8663184642791748]}, "A549_enhancers_1024": {"loss": [0.23110835254192352, 0.25389787554740906, 0.23306864500045776], "true_positives": [2489.0, 2180.0, 2664.0], "true_negatives": [14447.0, 14577.0, 14386.0], "false_positives": [474.0, 344.0, 535.0], "false_negatives": [1241.0, 1550.0, 1066.0], "binary_accuracy": [0.9080478549003601, 0.898450493812561, 0.9141600728034973]}, "GM12878_promoters_64": {"loss": [0.17788973450660706, 0.17243333160877228, 0.18511632084846497], "true_positives": [2954.0, 2952.0, 2647.0], "true_negatives": [13177.0, 13202.0, 13376.0], "false_positives": [529.0, 504.0, 330.0], "false_negatives": [555.0, 557.0, 862.0], "binary_accuracy": [0.9370316863059998, 0.9383677244186401, 0.9307580590248108]}, "GM12878_enhancers_64": {"loss": [0.10635378956794739, 0.10148341208696365, 0.10258318483829498], "true_positives": [2846.0, 2871.0, 2709.0], "true_negatives": [12729.0, 12737.0, 12811.0], "false_positives": [195.0, 187.0, 113.0], "false_negatives": [385.0, 360.0, 522.0], "binary_accuracy": [0.964097797870636, 0.9661405086517334, 0.9606932997703552]}, "GM12878_promoters_128": {"loss": [0.19137682020664215, 0.17748960852622986, 0.18404151499271393], "true_positives": [2851.0, 2965.0, 2974.0], "true_negatives": [13221.0, 13195.0, 13126.0], "false_positives": [485.0, 511.0, 580.0], "false_negatives": [658.0, 544.0, 535.0], "binary_accuracy": [0.9336044192314148, 0.9387162327766418, 0.9352309107780457]}, "GM12878_enhancers_128": {"loss": [0.09505575150251389, 0.09184184670448303, 0.09065748751163483], "true_positives": [2964.0, 2948.0, 2991.0], "true_negatives": [12694.0, 12730.0, 12679.0], "false_positives": [230.0, 194.0, 245.0], "false_negatives": [267.0, 283.0, 240.0], "binary_accuracy": [0.9692355394363403, 0.9704735279083252, 0.9699783325195312]}, "GM12878_promoters_256": {"loss": [0.2087571769952774, 0.19586195051670074, 0.20106977224349976], "true_positives": [2780.0, 2945.0, 2666.0], "true_negatives": [13121.0, 13044.0, 13228.0], "false_positives": [585.0, 662.0, 478.0], "false_negatives": [729.0, 564.0, 843.0], "binary_accuracy": [0.9236712455749512, 0.9287830591201782, 0.9232646226882935]}, "GM12878_enhancers_256": {"loss": [0.09555132687091827, 0.09044857323169708, 0.09786105901002884], "true_positives": [2954.0, 2939.0, 3008.0], "true_negatives": [12736.0, 12725.0, 12652.0], "false_positives": [188.0, 199.0, 272.0], "false_negatives": [277.0, 292.0, 223.0], "binary_accuracy": [0.9712163209915161, 0.9696069359779358, 0.9693593382835388]}, "GM12878_promoters_512": {"loss": [0.22735397517681122, 0.22927504777908325, 0.22613801062107086], "true_positives": [2688.0, 2709.0, 2503.0], "true_negatives": [13010.0, 12963.0, 13090.0], "false_positives": [696.0, 743.0, 616.0], "false_negatives": [821.0, 800.0, 1006.0], "binary_accuracy": [0.9118791818618774, 0.9103688597679138, 0.9057798385620117]}, "GM12878_enhancers_512": {"loss": [0.08763865381479263, 0.08982011675834656, 0.0807536244392395], "true_positives": [3053.0, 2894.0, 3024.0], "true_negatives": [12701.0, 12775.0, 12700.0], "false_positives": [223.0, 149.0, 224.0], "false_negatives": [178.0, 337.0, 207.0], "binary_accuracy": [0.9751779437065125, 0.9699164628982544, 0.9733209609985352]}, "GM12878_promoters_1024": {"loss": [0.2538963854312897, 0.2456599324941635, 0.2506975531578064], "true_positives": [2736.0, 2519.0, 2485.0], "true_negatives": [12694.0, 12889.0, 12964.0], "false_positives": [1012.0, 817.0, 742.0], "false_negatives": [773.0, 990.0, 1024.0], "binary_accuracy": [0.896311342716217, 0.8950334191322327, 0.897415041923523]}, "GM12878_enhancers_1024": {"loss": [0.10728468000888824, 0.10038744658231735, 0.10120054334402084], "true_positives": [2744.0, 2856.0, 3019.0], "true_negatives": [12794.0, 12767.0, 12607.0], "false_positives": [130.0, 157.0, 317.0], "false_negatives": [487.0, 375.0, 212.0], "binary_accuracy": [0.9618074893951416, 0.9670690298080444, 0.9672546982765198]}}