{"A549_promoters_64": {"loss": [0.2797256112098694, 0.32053837180137634, 0.28688350319862366], "true_positives": [1867.0, 1991.0, 1846.0], "true_negatives": [14175.0, 14115.0, 14172.0], "false_positives": [671.0, 731.0, 674.0], "false_negatives": [709.0, 585.0, 730.0], "binary_accuracy": [0.9207897782325745, 0.9244633316993713, 0.9194122552871704]}, "A549_enhancers_64": {"loss": [0.02584749460220337, 0.024509964510798454, 0.026931755244731903], "true_positives": [3730.0, 3730.0, 3730.0], "true_negatives": [14869.0, 14832.0, 14787.0], "false_positives": [52.0, 89.0, 134.0], "false_negatives": [0.0, 0.0, 0.0], "binary_accuracy": [0.9972119331359863, 0.995228111743927, 0.992815375328064]}, "A549_promoters_128": {"loss": [0.31630849838256836, 0.31678345799446106, 0.3171680271625519], "true_positives": [2054.0, 1918.0, 1929.0], "true_negatives": [13936.0, 14040.0, 14007.0], "false_positives": [910.0, 806.0, 839.0], "false_negatives": [522.0, 658.0, 647.0], "binary_accuracy": [0.9178050756454468, 0.9159682989120483, 0.9147055745124817]}, "A549_enhancers_128": {"loss": [0.021177412942051888, 0.026626920327544212, 0.02524086833000183], "true_positives": [3730.0, 3730.0, 3730.0], "true_negatives": [14851.0, 14850.0, 14838.0], "false_positives": [70.0, 71.0, 83.0], "false_negatives": [0.0, 0.0, 0.0], "binary_accuracy": [0.996246874332428, 0.9961932301521301, 0.9955498576164246]}, "A549_promoters_256": {"loss": [0.29886627197265625, 0.297085702419281, 0.3315473794937134], "true_positives": [2009.0, 1775.0, 1882.0], "true_negatives": [13765.0, 13962.0, 13844.0], "false_positives": [1081.0, 884.0, 1002.0], "false_negatives": [567.0, 801.0, 694.0], "binary_accuracy": [0.9054069519042969, 0.9032831788063049, 0.902651846408844]}, "A549_enhancers_256": {"loss": [0.033360064029693604, 0.024870505556464195, 0.03706931695342064], "true_positives": [3730.0, 3730.0, 3730.0], "true_negatives": [14848.0, 14830.0, 14824.0], "false_positives": [73.0, 91.0, 97.0], "false_negatives": [0.0, 0.0, 0.0], "binary_accuracy": [0.9960860013961792, 0.9951208829879761, 0.9947991967201233]}, "A549_promoters_512": {"loss": [0.33135730028152466, 0.35424667596817017, 0.32913973927497864], "true_positives": [1855.0, 1893.0, 1806.0], "true_negatives": [13699.0, 13656.0, 13757.0], "false_positives": [1147.0, 1190.0, 1089.0], "false_negatives": [721.0, 683.0, 770.0], "binary_accuracy": [0.8927792310714722, 0.8924922347068787, 0.8932958245277405]}, "A549_enhancers_512": {"loss": [0.020807301625609398, 0.025087784975767136, 0.03453454747796059], "true_positives": [3730.0, 3730.0, 3730.0], "true_negatives": [14855.0, 14853.0, 14859.0], "false_positives": [66.0, 68.0, 62.0], "false_negatives": [0.0, 0.0, 0.0], "binary_accuracy": [0.9964613318443298, 0.9963541030883789, 0.9966757893562317]}, "A549_promoters_1024": {"loss": [0.3602672815322876, 0.35302993655204773, 0.3436226546764374], "true_positives": [1727.0, 1776.0, 1818.0], "true_negatives": [13633.0, 13668.0, 13686.0], "false_positives": [1213.0, 1178.0, 1160.0], "false_negatives": [849.0, 800.0, 758.0], "binary_accuracy": [0.8816438913345337, 0.8864653706550598, 0.8899093270301819]}, "A549_enhancers_1024": {"loss": [0.02085730992257595, 0.023084640502929688, 0.040584005415439606], "true_positives": [3730.0, 3730.0, 3667.0], "true_negatives": [14880.0, 14856.0, 14809.0], "false_positives": [41.0, 65.0, 112.0], "false_negatives": [0.0, 0.0, 63.0], "binary_accuracy": [0.9978017210960388, 0.9965149164199829, 0.9906170964241028]}, "GM12878_promoters_64": {"loss": [0.4635160565376282, 0.4481356739997864, 0.4336087107658386], "true_positives": [3015.0, 3022.0, 2948.0], "true_negatives": [13260.0, 13226.0, 13288.0], "false_positives": [446.0, 480.0, 418.0], "false_negatives": [494.0, 487.0, 561.0], "binary_accuracy": [0.9453964829444885, 0.9438280463218689, 0.9431309700012207]}, "GM12878_enhancers_64": {"loss": [0.05400807783007622, 0.07997605204582214, 0.0940619707107544], "true_positives": [3221.0, 3223.0, 3228.0], "true_negatives": [12825.0, 12760.0, 12815.0], "false_positives": [99.0, 164.0, 109.0], "false_negatives": [10.0, 8.0, 3.0], "binary_accuracy": [0.9932528734207153, 0.9893531203269958, 0.9930671453475952]}, "GM12878_promoters_128": {"loss": [0.35959216952323914, 0.46476298570632935, 0.35606101155281067], "true_positives": [3012.0, 2905.0, 2951.0], "true_negatives": [13271.0, 13289.0, 13274.0], "false_positives": [435.0, 417.0, 432.0], "false_negatives": [497.0, 604.0, 558.0], "binary_accuracy": [0.9458611607551575, 0.9406912326812744, 0.9424920082092285]}, "GM12878_enhancers_128": {"loss": [0.0555863194167614, 0.06029954552650452, 0.062220338732004166], "true_positives": [3222.0, 3229.0, 3219.0], "true_negatives": [12836.0, 12834.0, 12804.0], "false_positives": [88.0, 90.0, 120.0], "false_negatives": [9.0, 2.0, 12.0], "binary_accuracy": [0.9939956665039062, 0.9943051934242249, 0.9918291568756104]}, "GM12878_promoters_256": {"loss": [0.42148643732070923, 0.48687657713890076, 0.6004085540771484], "true_positives": [2845.0, 2981.0, 2863.0], "true_negatives": [13199.0, 13066.0, 13203.0], "false_positives": [507.0, 640.0, 503.0], "false_negatives": [664.0, 528.0, 646.0], "binary_accuracy": [0.9319779276847839, 0.9321522116661072, 0.9332559108734131]}, "GM12878_enhancers_256": {"loss": [0.06632442027330399, 0.08604715764522552, 0.034028876572847366], "true_positives": [3216.0, 3221.0, 3202.0], "true_negatives": [12840.0, 12797.0, 12837.0], "false_positives": [84.0, 127.0, 87.0], "false_negatives": [15.0, 10.0, 29.0], "binary_accuracy": [0.9938718676567078, 0.9915196299552917, 0.9928195476531982]}, "GM12878_promoters_512": {"loss": [0.532355546951294, 0.4089711010456085, 0.5675517916679382], "true_positives": [2697.0, 2826.0, 2817.0], "true_negatives": [13153.0, 13050.0, 13035.0], "false_positives": [553.0, 656.0, 671.0], "false_negatives": [812.0, 683.0, 692.0], "binary_accuracy": [0.9207086563110352, 0.9222189784049988, 0.9208248853683472]}, "GM12878_enhancers_512": {"loss": [0.05229301378130913, 0.095952607691288, 0.06243693456053734], "true_positives": [3223.0, 3227.0, 3223.0], "true_negatives": [12829.0, 12833.0, 12836.0], "false_positives": [95.0, 91.0, 88.0], "false_negatives": [8.0, 4.0, 8.0], "binary_accuracy": [0.9936242699623108, 0.9941194653511047, 0.9940575957298279]}, "GM12878_promoters_1024": {"loss": [0.511310875415802, 0.500421404838562, 0.5234911441802979], "true_positives": [2788.0, 2890.0, 2833.0], "true_negatives": [12981.0, 12925.0, 12990.0], "false_positives": [725.0, 781.0, 716.0], "false_negatives": [721.0, 619.0, 676.0], "binary_accuracy": [0.9160034656524658, 0.9186756014823914, 0.9191402792930603]}, "GM12878_enhancers_1024": {"loss": [0.06798651069402695, 0.08215586841106415, 0.22575677931308746], "true_positives": [3181.0, 3215.0, 3207.0], "true_negatives": [12823.0, 12792.0, 12634.0], "false_positives": [101.0, 132.0, 290.0], "false_negatives": [50.0, 16.0, 24.0], "binary_accuracy": [0.9906530380249023, 0.9908387660980225, 0.9805632829666138]}}