{"A549_promoters_256": {"loss": [0.3961682915687561, 0.3148546814918518, 0.268644243478775], "accuracy": [0.8579382300376892, 0.8671220541000366, 0.8822178840637207], "recall": [0.9549689292907715, 0.9413819909095764, 0.9413819909095764], "precision": [0.5104793310165405, 0.5284375548362732, 0.5605640411376953], "AUROC": [0.9392246007919312, 0.9437789916992188, 0.9492745995521545], "AUPRC": [0.6461702585220337, 0.7025949358940125, 0.728399932384491], "f1_score": [0.6653143763542175, 0.6769015789031982, 0.7026948928833008], "balanced_accuracy": [0.89803546667099, 0.8978093862533569, 0.9066669940948486], "specificity": [0.8411020040512085, 0.8542368412017822, 0.8719520568847656], "miss_rate": [0.04503105580806732, 0.05861801281571388, 0.05861801281571388], "fall_out": [0.1588980257511139, 0.14576317369937897, 0.12804795801639557], "mcc": [0.6317045092582703, 0.6411499381065369, 0.668242335319519], "true_positives_over_total": [0.14120078086853027, 0.13919182121753693, 0.13919182121753693], "false_positives_over_total": [0.13540351390838623, 0.12421076744794846, 0.10911491513252258], "true_negatives_over_total": [0.7167374491691589, 0.7279301881790161, 0.743026077747345], "false_negatives_over_total": [0.006658248137682676, 0.008667202666401863, 0.008667202666401863], "negative_predictive_value": [0.9907958507537842, 0.9882334470748901, 0.9884697794914246], "false_discovery_rate": [0.4895206391811371, 0.4715624451637268, 0.4394359588623047], "false_omission_rate": [0.009204157628118992, 0.011766538955271244, 0.011530238203704357], "prevalence_threshold": [0.28972741961479187, 0.28238070011138916, 0.2694387137889862], "threat_score": [0.4984802305698395, 0.5116033554077148, 0.5416573882102966], "fowlkes_mallows_index": [0.89803546667099, 0.8978093862533569, 0.9066669940948486], "informedness": [0.6982061862945557, 0.7053095698356628, 0.7264329791069031], "markedness": [0.5012751817703247, 0.5166710019111633, 0.5490338206291199], "positive_likelyhood_ratio": [6.009944438934326, 6.458293437957764, 7.351786136627197], "negative_likelyhood_ratio": [0.05353815481066704, 0.06862031668424606, 0.06722617894411087], "DOR": [8.807326316833496, 8.785632133483887, 9.714320182800293]}, "A549_enhancers_256": {"loss": [0.14035187661647797, 0.22239169478416443, 0.13150742650032043], "accuracy": [0.9532078504562378, 0.9346859455108643, 0.9564369916915894], "recall": [0.9973190426826477, 0.9550938606262207, 0.9899463653564453], "precision": [0.6607459783554077, 0.5864197611808777, 0.6784566044807434], "AUROC": [0.9855708479881287, 0.9603217244148254, 0.9798978567123413], "AUPRC": [0.8298367857933044, 0.7787213325500488, 0.7711130380630493], "f1_score": [0.7948718070983887, 0.7266700863838196, 0.8051239848136902], "balanced_accuracy": [0.9730579853057861, 0.9438695907592773, 0.9715163111686707], "specificity": [0.9487969875335693, 0.9326452612876892, 0.953086256980896], "miss_rate": [0.002680965233594179, 0.044906165450811386, 0.010053619742393494], "fall_out": [0.05120300129055977, 0.0673547312617302, 0.0469137467443943], "mcc": [0.790490448474884, 0.7185638546943665, 0.7992578148841858], "true_positives_over_total": [0.09065984189510345, 0.08682142198085785, 0.08998963981866837], "false_positives_over_total": [0.04654846712946892, 0.06123194843530655, 0.04264912009239197], "true_negatives_over_total": [0.8625479936599731, 0.8478645086288452, 0.8664473295211792], "false_negatives_over_total": [0.0002437092480249703, 0.004082129802554846, 0.0009139096946455538], "negative_predictive_value": [0.9997175335884094, 0.9952084422111511, 0.9989463090896606], "false_discovery_rate": [0.3392539918422699, 0.4135802388191223, 0.3215433955192566], "false_omission_rate": [0.0002824659168254584, 0.004791532643139362, 0.0010536668123677373], "prevalence_threshold": [0.18472816050052643, 0.20983532071113586, 0.17877483367919922], "threat_score": [0.6595744490623474, 0.5706848502159119, 0.6738138794898987], "fowlkes_mallows_index": [0.9730579853057861, 0.9438695907592773, 0.9715163111686707], "informedness": [0.8117724657058716, 0.7483888864517212, 0.8195337653160095], "markedness": [0.6604635119438171, 0.5816282033920288, 0.677402913570404], "positive_likelyhood_ratio": [19.477706909179688, 14.180035591125488, 21.101367950439453], "negative_likelyhood_ratio": [0.0028256464283913374, 0.048149239271879196, 0.010548487305641174], "DOR": [36.11672592163086, 16.815628051757812, 34.107757568359375]}, "GM12878_promoters_256": {"loss": [0.24127155542373657, 0.20865093171596527, 0.23962895572185516], "accuracy": [0.9247168302536011, 0.9245425462722778, 0.9222770929336548], "recall": [0.9509831666946411, 0.9435736536979675, 0.9364491105079651], "precision": [0.7480385303497314, 0.7504532933235168, 0.7466484904289246], "AUROC": [0.9678807854652405, 0.9713761806488037, 0.9703276753425598], "AUPRC": [0.8371522426605225, 0.8854821920394897, 0.8839566111564636], "f1_score": [0.8373901844024658, 0.8360055685043335, 0.8308470249176025], "balanced_accuracy": [0.9344876408576965, 0.9316219091415405, 0.9275489449501038], "specificity": [0.917992115020752, 0.9196702241897583, 0.9186487793922424], "miss_rate": [0.049016814678907394, 0.05642633140087128, 0.06355086714029312], "fall_out": [0.08200787752866745, 0.0803297832608223, 0.08135123550891876], "mcc": [0.7989419102668762, 0.7965388298034668, 0.7896685004234314], "true_positives_over_total": [0.1938425749540329, 0.19233226776123047, 0.19088004529476166], "false_positives_over_total": [0.06529189646244049, 0.06395585089921951, 0.06476909667253494], "true_negatives_over_total": [0.730874240398407, 0.7322102785110474, 0.7313970327377319], "false_negatives_over_total": [0.00999128632247448, 0.011501597240567207, 0.012953819707036018], "negative_predictive_value": [0.9865140318870544, 0.9845348596572876, 0.9825971722602844], "false_discovery_rate": [0.25196143984794617, 0.24954669177532196, 0.25335150957107544], "false_omission_rate": [0.013485965318977833, 0.015465125441551208, 0.01740284077823162], "prevalence_threshold": [0.2269979566335678, 0.22587229311466217, 0.22764447331428528], "threat_score": [0.720267653465271, 0.7182212471961975, 0.7106401324272156], "fowlkes_mallows_index": [0.9344876408576965, 0.9316219091415405, 0.9275489449501038], "informedness": [0.8434287309646606, 0.8414915204048157, 0.8361808061599731], "markedness": [0.7345525622367859, 0.7349881529808044, 0.729245662689209], "positive_likelyhood_ratio": [11.596227645874023, 11.746234893798828, 11.511171340942383], "negative_likelyhood_ratio": [0.053395673632621765, 0.06135495379567146, 0.06917862594127655], "DOR": [14.264286994934082, 13.624564170837402, 12.802413940429688]}, "GM12878_enhancers_256": {"loss": [0.1342841237783432, 0.06734353303909302, 0.19777730107307434], "accuracy": [0.9711613059043884, 0.9732714295387268, 0.9551241397857666], "recall": [0.9821981191635132, 0.9852941036224365, 0.9752321839332581], "precision": [0.7663043737411499, 0.7790697813034058, 0.6752411723136902], "AUROC": [0.9894683957099915, 0.9946497082710266, 0.964248538017273], "AUPRC": [0.9047862887382507, 0.958394467830658, 0.6643988490104675], "f1_score": [0.860922634601593, 0.8701298832893372, 0.7979733943939209], "balanced_accuracy": [0.976128101348877, 0.9786818623542786, 0.9641731381416321], "specificity": [0.970058023929596, 0.9720696210861206, 0.9531140923500061], "miss_rate": [0.017801858484745026, 0.014705882407724857, 0.02476780116558075], "fall_out": [0.029941972345113754, 0.0279303677380085, 0.04688588157296181], "mcc": [0.8532141447067261, 0.862790584564209, 0.7902230024337769], "true_positives_over_total": [0.08925933390855789, 0.08954069018363953, 0.08862629532814026], "false_positives_over_total": [0.02722093276679516, 0.025392135605216026, 0.042625024914741516], "true_negatives_over_total": [0.8819019198417664, 0.8837307691574097, 0.8664978742599487], "false_negatives_over_total": [0.0016177815850824118, 0.001336428220383823, 0.0022508264519274235],